{"cameraMode":{"drawMode":0,"name":"Shaded","section":"Shading Mode"},"sceneLighting":false,"audioPlay":false,"sceneViewState":{"m_AlwaysRefresh":false,"showFog":true,"showSkybox":false,"showFlares":true,"showImageEffects":true,"showParticleSystems":true,"showVisualEffectGraphs":true,"m_FxEnabled":true},"in2DMode":false,"pivot":{"x":0.1272881180047989,"y":0.5256253480911255,"z":0.5085256695747376},"rotation":{"x":-0.006543414201587439,"y":0.9530483484268189,"z":-0.30235186219215395,"w":-0.02123906835913658},"size":0.3027050197124481,"orthographic":true}