{"cameraMode":{"drawMode":0,"name":"Shaded","section":"Shading Mode"},"sceneLighting":false,"audioPlay":false,"sceneViewState":{"m_AlwaysRefresh":false,"showFog":true,"showSkybox":false,"showFlares":true,"showImageEffects":true,"showParticleSystems":true,"showVisualEffectGraphs":true,"m_FxEnabled":true},"in2DMode":false,"pivot":{"x":4.500500202178955,"y":0.05000000074505806,"z":-4.500400066375732},"rotation":{"x":0.2193019837141037,"y":0.40629711747169497,"z":-0.10110810399055481,"w":0.8812544941902161},"size":0.7088723182678223,"orthographic":true}