{"cameraMode":{"drawMode":0,"name":"Shaded","section":"Shading Mode"},"sceneLighting":false,"audioPlay":false,"sceneViewState":{"m_AlwaysRefresh":false,"showFog":true,"showSkybox":false,"showFlares":true,"showImageEffects":true,"showParticleSystems":true,"showVisualEffectGraphs":true,"m_FxEnabled":true},"in2DMode":false,"pivot":{"x":0.0003921389579772949,"y":0.312532514333725,"z":2.0001516342163088},"rotation":{"x":0.3784058690071106,"y":0.2909776568412781,"z":-0.12659351527690888,"w":0.8696733713150024},"size":1.003872275352478,"orthographic":true}